category,value,count
Gender,Female,
Gender,Male,
Gender,Other,
Age,16-24,
Age,25-34,
Age,35-44,
Age,45-54,
Age,55-64,
Age,65+,
Neighborhood,East Cambridge,
Neighborhood,MIT/Area 2,
Neighborhood,Wellington-Harrington,
Neighborhood,Port,
Neighborhood,Cambridgeport,
Neighborhood,Mid-Cambridge,
Neighborhood,Riverside,
Neighborhood,Baldwin & Neighborhood Nine,
Neighborhood,West Cambridge & Cambridge Highlands & Strawberry Hill,
Neighborhood,North Cambridge,
Housing status,Owns residence,
Housing status,Rents a market rate unit,
Housing status,"Rents a subsidized, inclusionary, or affordable housing unit",
Housing status,Permanent supportive housing,
Race,Asian/East Indian,
Race,Black/African American,
Race,White/Caucasian,
Race,Other,
Hispanic/Latinx,Yes,
Hispanic/Latinx,No,
Education,Student (age 16-24),
Education,Not student (age 16-24),
Education,Less than high school / GED (age 25+),
Education,High school degree / GED (age 25+),
Education,"Some college, no degree / Associate's degree or technical certificate (age 25+)",
Education,"Bachelor's degree / Graduate, professional, or advanced studies, no degree (age 25+)",
Education,"Graduate, professional, or advanced degree (age 25+)",
Experience with gun violence,Has personally experienced gun violence,
Experience with gun violence,A family member or someone close has experienced gun violence,
Experience with gun violence,Gun violence has affected their neighborhood or community,
Experience with gun violence,No experience with gun violence,
